patient_id,last_note_date,cancer_history_summary,general_exclusion_criteria_evidence
-1,2025-06-25,"Age: 64
Sex: Male
Cancer type: Gastroesophageal junction adenocarcinoma
Histology: Adenocarcinoma
Current extent: Metastatic disease with hepatic metastases (dominant segment VII lesion ~4.6 cm, several smaller lesions), peritoneal carcinomatosis with innumerable nodules (largest ~2.3 cm) and moderate‑volume malignant ascites, minimally enlarged retroperitoneal lymph nodes, no distant solid-organ progression beyond abdomen, ECOG 1
Biomarkers: HER2 IHC 3+ / ISH amplification; MET gene amplification; FGFR2 amplification; KRAS p.G12D mutation; PIK3CA p.H1047R mutation; PD‑L1 combined positive score 15%; CEA 18 ng/mL (rise from prior 12 ng/mL); Thyroglobulin/Hormones appropriate on replacement therapy
Treatment history:
# Approx 2023‑02 to 2023‑08: First‑line CAPOX (capecitabine oxaliplatin) + trastuzumab; best response stable disease
# Approx 2023‑09 to 2024‑04: Second‑line FOLFIRI (folinic acid + 5‑FU + iri­nocetan) ± continuation of trastuzumab; best response disease progression leading to shift in strategy
# 2024‑05: Local palliative external beam radiation to solitary L3 vertebral metastasis; resulted in durable local control
# 2024‑06 onward: Third‑line pembrolizumab (Keytruda) 200 mg IV q3 weeks; maintained until 2025‑06‑19 (last dose 6 days before progress note); initial stable disease converting to progressive disease by June 2025
# Concurrent maintenance capecitabine (Xeloda) 1000 mg/m² orally twice daily Days 1–14 q21 days beginning 2024‑06; intermittent adherence due to nausea; discontinued upon documentation of radiographic progression in June 2025
# supportive therapies: Levothyroxine 75 μg daily for grade 2 hypothyroidism; ferrous sulfate supplementation; occasional ondansetron PRN; erythrocyte transfusion administered in 2025 for grade 3 anemia","No evidence of commonly used trial exclusion criteria—including untreated central nervous system metastases, clinically significant cardiomyopathy, uncontrolled infections (including HIV/Hepatitis), active autoimmune pneumonitis, inadequate organ function, or poor performance status."
-10,2025-06-25,"Age: 55
Sex: Female
Cancer type: Ovarian cancer
Histology: Low‑grade serous carcinoma
Current extent: Persistent peritoneal implants (≤1.2 cm) with stable para‑aortic lymph node (~1.9 cm); no new visceral or bony metastases – classified as advanced disease with stable disease on endocrine therapy
Biomarkers: KRAS G12D (allelic fraction ≈45 %) , NRAS Q61K (low allelic fraction) , PIK3CA E545K (low allelic fraction) , CCNE1 amplification (~three‑fold) , TP53 wild‑type , BRCA wild‑type/non‑deficient homologous recombination , estrogen pathway presumed sensitive (treated with aromatase inhibitor)
Treatment history:
# 02/2023: Total abdominal hysterectomy, bilateral salpingo‑ovarianectomy with comprehensive surgical staging (FIGO Stage IIIC low‑grade serous ovarian carcinoma) – curative intent
# 04/2023‑07/2023: Adjuvant chemotherapy – carboplatin AUC 5 + paclitaxel 175 mg/m² IV every 3 weeks, 4 cycles; best response postoperative remission with stable microscopic peritoneal disease
# 03/2025‑present: Letrozole 2.5 mg oral daily continuous; best response stable disease per repeat CT (June 2025) and plateaued CA‑125 (~65‑68 U/mL)
# Throughout 2025: Supportive care – acetaminophen/ibuprofen PRN for Grade 1 arthralgia, calcium + vitamin D supplementation, monitoring laboratories quarterly","No evidence of common boilerplate exclusion criteria (ECOG 0‑1, normal renal/hepatic function, no untreated CNS disease, no active infectious hepatitis or HIV, no uncontrolled cardiovascular or respiratory comorbidity)"
-11,2025-06-25,"Age: 68  
Sex: Male  
Cancer type: Cutaneous malignant melanoma  
Histology: Acral lentiginous melanoma (cutaneous) – BRAF V600E mutated, additional genomics showing TERT‑promoter mutation, CDKN2A loss, TP53 R175H missense, NF1 truncation  
Current extent: Metastatic (bilateral pulmonary nodules) – partial response to therapy, no detectable extrapulmonary disease as of 2025‑06‑25; LDH fluctuating between 185‑215 U/L (within reference range) indicating biologic control  
Biomarkers: BRAF V600E positive; TERT‑promoter mutation; CDKN2A loss; TP53 R175H; NF1 truncation; PD‑L1 not assessed; serial LDH monitored (latest 215 U/L); thyroid function normal; viral screens negative (HBV, HCV, HIV)  
Treatment history:  
# Approx. Dec 2023 (diagnosis at age 65): Wide local excision of left forearm melanoma with 2 cm margins + sentinel lymph node dissection (2/3 nodes positive with extranodal capsular extension) – curative intent surgery.  
# Jul 2024 – Jun 2025: Adjuvant pembrolizumab 200 mg IV q3 wk × 16 cycles (total 12 months); tolerated with Grade 2 dermatitis (mid‑strength topical steroids); discontinued due to radiographically proven progression (new bilateral pulmonary FDG‑avidity). Best response: Disease-free during therapy.  
# Jun 2025 (week 0): Initiated front‑line combination immunotherapy – ipilimumab 3 mg/kg IV + nivolumab 1 mg/kg IV every 21 days (plan 4 induction doses).  
# Jun 2025 (Cycle 1): Well tolerated; Grade 1 pruritus managed locally.  
# Jun 2025 (Cycle 2): Uneventful; minor dry mouth. Achieved partial radiographic response (∼30 % decrease in pulmonary nodule dimensions) on CT 6 weeks after start.  
# Aug 2025 (Cycle 3): Developed Grade 3 immune‑mediated colitis 10 days post‑infusion; hospitalized, received IV methylprednisolone 2 mg/kg→oral prednisone taper over 8 weeks; colitis resolved to Grade 1. Decision taken to cease ipilimumab permanently.  
# Sept 2025 onward: Continuation of nivolumab monotherapy 240 mg IV q2 weeks (maintenance). Ongoing partial response maintained beyond cessation of ipilimumab; mild fatigue (Grade 1) and low‑grade transaminitis (AST/ALT < 2× ULN) being surveilled.","- No untreated/uncontrolled brain metastasis (imaging to date shows no intracranial involvement).  
- Cardiac function adequate (normal ECG/ejection fraction on baseline testing).  
- Renal function normal (creatinine ≤1.0 mg/dL).  
- Hepatic enzymes minimally elevated (<2× ULN) – low‑grade immune hepatitis under observation.  
- History of Grade 3 immune‑mediated colitis now resolved; requires careful monitoring for recurrence.  
- Infectious screen negative for hepatitis B/C and HIV.  
- Performance status ECOG 0‑1, ambulatory, self‑care independent."
-12,2025-06-25,"Age: 19
Sex: Male
Cancer type: Osteosarcoma
Histology: High‑grade conventional osteogenic sarcoma
Current extent: Metastatic – solitary progressing pulmonary metastasis (right lower lobule 2.0 × 1.8 cm); primary distal femur site locally controlled with endoprosthesis, no other sites of disease
Biomarkers: Serum alkaline phosphatase 70 U/L (within normal limits); LDH 180 U/L (≤225 U/L, normal); pending comprehensive sarcoma‑directed next‑generation sequencing (incl. TP53, RB1, MDM2, CDK4, HER2, PTEN panels)
Treatment history:
# 2024 (aged 18) – Wide en bloc resection of distal right femur with limb‑preserving endoprosthetic reconstruction; negative margins, ≥85 % necrosis on pathology
# 2024‑early 2025 – Adjuvant MAP chemotherapy (high‑dose methotrexate, doxorubicin, cisplatin), total six cycles; completed uneventfully
# 2025‑June – Detection of new solitary right lower‑lobar pulmonary nodule (1.2 cm) regarded as metastatic disease; image‑guided core needle biopsy arranged (pathology pending at time of documentation)
# 2025‑mid June – Commenced salvage systemic therapy: Ifosfamide 2 g/m² IV day 1‑5 + Etoposide 100 mg/m² IV day 1‑5, every 21 days; completed two cycles by 25 Jun 2025; interim contrast‑enhanced chest CT shows nodule enlargement to 2.0 × 1.8 cm indicating radiographic progression
# 2025‑future planning – Evaluation for local control of pulmonary metastasis via video‑assist thoracoscopic wedge resection versus stereotactic body radiotherapy (SBRT); multidisciplinary tumor board referral pending","No evidence of common exclusion criteria – ECOG performance status 0, normal cardiac, renal, hepatic laboratory parameters; no untreated/uncontrolled brain metastases, infectious diseases, autoimmune pneumonitis, or contraindicating comorbidities."
-2,2025-06-25,"Age: 34
Sex: Male
Cancer type: Appendiceal neuroendocrine tumour (well‑differentiated gastroenteropancreatic NET)
Histology: Well‑differentiated NET, Grade 2 (Ki‑67 ≈ 8%)
Current extent: Metastatic to liver (two subcentimeter hepatic deposits, Seg III and Seg VI); disease stable per RECIST as of 2025‑06‑25
Biomarkers: KRKRAS G12D mutation; BRAF V600E mutation; CDKN2A loss; MYC amplification; Somatostatin receptor‑2 (+) on ^68Ga‑DOTATATE PET; Ki‑67 ~8%; Serum chromogranin A persistently modestly elevated (~112 ng/mL); Urine 5‑HIAA within normal limits
Treatment history:
# Age 24 (approx 2015): Appendectomy – curative surgical removal of primary appendix NET, path stage pT1 N0 M0, margins negative.
# Age 25‑27 (approximately 2016‑2018): Temozolomide + bevacizumab – partial response; transitioned to long‑term octreotide LAR 30 mg intramuscular q28 d after confirming SST‑2 positivity on DOTATATE PET.
# Age 29‑31 (approximately 2020‑2022): Peptide receptor radionuclide therapy (four cycles Lu‑177‑DOTATATE) – substantial regression of hepatic lesion (seg III ↓ to ≤0.6 cm) and complete eradication of peritoneal implants.
# Age 33 (2025‑06‑19): Evidence of new hepatic metastasis (Seg VI 1.0 x 0.9 cm) indicating progression post‑PRRT. Decision made to add everolimus 10 mg PO daily while continuing octreotide LAR 30 mg IM q28 d.
# Age 33‑34 (2025‑06‑20 onward): Started everolimus 10 mg daily; prophylactic pravastatin 40 mg nightly introduced, later substituted with atorvastatin 20 mg nightly for emerging hyperlipidaemia attributed to mTOR inhibition. Continued octreotide LAR maintenance dosing. 
# 2025‑06‑25: Three‑month reassessment showing radiographic stability of both hepatic lesions; maintained therapeutic everolimus plasma concentration (trough 15 ng/mL). No dose reductions necessary.","No evidence of commonly excluded trial criteria – no untreated central nervous system disease, cardiac insufficiency, pulmonary fibrosis, uncontrolled diabetes, serious infection, or impaired hepatic/renal reserve. Performance status ECOG 0‑1; hypertension controlled on lisinopril 10 mg daily; hyperlipidaemia medically managed."
-3,2025-06-25,"Age: 66
Sex: Male
Cancer type: Right breast invasive lobular carcinoma
Histology: Infiltrative lobular carcinoma, estrogen-receptor positive, progesterone-receptor negative, HER2‑low (IHC equivocal/FISH-negative), Ki‑67≈30%
Current extent: Metastatic disease (liver lesion in segment IV now 1.5 x 1.4 cm showing modest shrinkage; osseous oligometastases limited to thoracic spine, stable). Disease status assessed as stable/responding to current therapy. Latest tumor marker CEA 3.1 ng/mL (unchanged). Alkaline phosphatase decreasing.
Biomarkers: 
- Somatic DNA sequencing: CDH1 alteration, PIK3CA exon 9 E545K missense, TP53 mutation, ESR1 D538G ligand-binding domain substitution, FGFG2 alterations, CCND1 amplification, CDK12 loss. 
- Germline: PALB2 frameshift variant classified as Variant of Uncertain Significance (under genetics referral). 
- Protein expression/IHC: ER strong nuclear staining, PR negative, HER2‑low (IHC 1+), Ki‑67~30%.
Treatment history:
# early 2024: weekly paclitaxel, total 6 cycles; completed uneventfully, subsequent switch to hormonal therapy due to tolerability concerns.
# 2024 (post‑paclitaxel): letrozole single agent; disease progression manifested by emergence of solitary liver metastasis.
# mid‑2024–present (ongoing as of 2025‑06‑25): capecitabine 1250 mg/m² orally twice daily on days 1‑14 of a 21‑day cycle; dose held/reduced only for anticipated Grade 2 hand‑foot or prolonged diarrhea (both avoided thus far). Achieved partial response with reduction of hepatic lesion from 1.8 cm to 1.5 cm and stability of bone sites.
# 2025‑06‑25: initiating iv zoledronic acid 4 mg every 12 weeks for skeletal preservation alongside calcium/Vit D supplementation.","No evidence of common boilerplate exclusion criteria (no untreated central nervous system metastases, cardiac insufficiency, interstitial lung disease, uncontrolled hypertension, active serious infection, impaired marrow reserve, creatinine clearance <30 mL/min, or autoimmune disorders requiring immunosuppression)."
-4,2025-06-25,"Age: 62  
Sex: Female  
Cancer type: Glioblastoma, IDH‑wildtype, WHO Grade IV  
Histology: High‑grade astrocytoma consistent with glioblastoma, IDH‑wt  
Current extent: Progressive disease with new non‑enhancing infiltrative focus in the right posterior parietal white matter (radiographically evident progression per RANO criteria)  
Biomarkers: IDH‑wildtype; MGMT promoter unmethylated; EGFR amplification; PTEN pathway alterations; prior exposure to PDGFRα tyrosine kinase inhibitor (investigational) ; no actionable ALK, BRAF, ROS1 mutations reported  
Treatment history:  
# Approx. 2023 (age 60): Maximally safe surgical resection of left temporoparietooccipital tumour. Best response: gross‑total resection.  
# 2023‑2024: Standard Stupp protocol – concomitant temozolomide + 60 Gy focal craniospinal irradiation, followed by adjuvant temozolomide cycles completed by age 61. Best response: radiographic stability.  
# Subsequent observation period (ages 61‑63).  
# Around age 63 (circa 2025): Initiated bevacizumab 10 mg/kg q2 wk for recurrent disease; transient clinical improvement; halted owing to grade 3 proteinuria. Response: brief disease control.  
# Ages 64‑66: Period of relative disease quiescence off anti‑angiogenic therapy.  
# Age 67: Enrolled in compassionate‑use phase I trial – combined investigational PDGFRα tyrosine‑kinase inhibitor (Agent X) with low‑dose temozolomide. Managed grade 2 maculopapular rash with topical steroids; serial MRIs demonstrated stable disease throughout ages 67‑68.  
# Age 69 (most recent assessment, 2025‑06‑20 MRI): Development of new right parietal non‑enhancing T2/FLAIR hyperintensity (~2.1 cm) indicative of infiltrative progression. Decision made to discontinue experimental regimen.  
# 2025‑06‑25 onwards: Planned restart of bevacizumab monotherapy 10 mg/kg iv q14 days; antihypertensive optimisation (atenolol uptitrated to 50 mg daily) instituted; continue levetiracetam 1000 mg BID; monitor proteinuria and blood pressure closely. Ongoing supportive therapies (occupational, speech pathology, dexamethasone tapers as needed).","• Hypertension presently suboptimally controlled (BP ~ 158/92 mmHg) – pharmacologic intensification underway.  
• Trace proteinuria persisting after prior bevacizumab exposure – monitored quarterly.  
• No overt cardiomyopathy, hepatic dysfunction, renal insufficiency (creatinine 0.96 mg/dL, eGFR 88 ml/min), coagulopathies, or active infections identified.  
• No contraindicating autoimmune disorders, uncontrolled diabetes, or recent serious adverse events besides aforementioned proteinuria and rash (resolved)."
-5,2025-06-25,"Age: 45
Sex: Female
Cancer type: Breast cancer
Histology: Invasive ductal carcinoma, right-sided
Current extent: Metastatic – hepatic involvement (three liver lesions, largest 2.5 cm in segment IV, showing interval growth suggestive of disease progression)
Biomarkers: Estrogen receptor–positive; HER2‑negative; progesterone receptor status not stated
Treatment history:
# Ongoing systemic therapy for metastatic disease (specific agents and start date not detailed in available records); continuation implied during surveillance imaging on 2025‑06‑25","No evidence of commonly cited trial exclusion criteria (e.g., untreated brain metastases, significant cardiac, pulmonary, hepatic, or renal impairment, active infections) disclosed in the present documentation."
-6,2025-06-25,"Age: 68
Sex: Male
Cancer type: Small‑cell lung cancer
Histology: Classical small‑cell carcinoma
Current extent: Progressive disease – newly detected solitary hepatic metastasis (segment VII, 1.6 cm, SUVmax 7.8); remaining extracranial sites (lung primary, mediastinum, left adrenal, right femur) stable; no intracranial disease
Biomarkers: No specific predictive/genomic biomarkers documented
Treatment history:
# 2020 (age 63): carboplatin AUC 5 + etoposide 100 mg/m² d1‑3 q21d × 4 cycles; concurrent palliative external‑beam radiotherapy to L3 (single 8 Gy); best response partial response ≈30 % tumour reduction
# 2021 (age 64): prophylactic cranial irradiation 20 Gy in 5 fractions; subsequent observation; maintained disease control
# 2022 (age 65): amrubicin 35 mg/m² d1‑3 q21d (≈2‑3 cycles); outcome stable disease; adverse effects Grade 3 thrombocytopenia requiring transfusion and Grade 2 peripheral neuropathy
# 2023‑2025 (age 66‑67): lurbinectedin 3.2 mg/m² q21d; completed 5 cycles by Jun 2025; modest decrease of left adrenal lesion (from 3.5 → 3.0 cm), other sites stable; Grade 2 anaemia (treated with oral iron) and Grade 3 neutropenia leading to dose reduction after cycle 5; best response stable disease with emerging hepatic progression","No evidence of common exclusion criteria (no uncontrolled central nervous system disease, adequate hepatic (bilirubin ≤ 1 mg/dL) and renal function (creatinine 0.94 mg/dL), cardiovascular status stable, no active viral hepatitis or HIV, performance status ECOG 1‑2 despite mild fatigue). Persistent cytopenias attributed to prior chemotherapies but presently supported with growth factors and transfusions as needed."
-7,2025-06-25,"Age: 70
Sex: Male
Cancer type: Prostate cancer
Histology: Adenocarcinoma, Gleason 9 (4+5)
Current extent: Metastatic castration‑ resistant prostate cancer, bone‑ predominant (osteoblastic lesions in T10 vertebral body and left ischial wing); no visceral metastases
Biomarkers: 
- Serial PSA: 0.4 ng/mL (three months prior) → 2.6 ng/mL (2025‑06‑19) indicating ≥50% rise
- Total testosterone: 15 ng/dL (castrate) on 2025‑06‑19
- ALKP 112 U/L, LDH 190 U/L, CBC within normal limits except marginal Hb 13.4 g/dL
- No germline/somatic DDR mutation results yet; NGS panel ordered (archival tumour or ctDNA) as of 2025‑06‑19
Treatment history:
# Initial definitive management (date unavailable): Radical retropubic prostatectomy with extended pelvic lymph node dissection; postoperative PSA nadir 0.18 ng/mL; began continuous luteinizing hormone releasing hormone agonist (leuprolide depot) thereafter.
# Mid‑2024 (≈12 mo before 2025‑06‑19): Commenced abiraterone acetate 1000 mg po daily plus prednisone 5 mg bid for biochemical recurrence with osseous disease; tolerability good apart from intermittent hot flashes and development of Grade 2 essential hypertension managed with amlodipine 5 mg daily. Achieved temporary PSA stabilization; subsequent rise prompted assessment of progression.
# 2025‑06‑19: Switched from abiraterone to enzalutamide 160 mg po daily; discontinued abiraterone and instituted gradual prednisone taper over 1 week. Continued leuprolide depot for hormonal suppression. Planned initiation of zoledronic acid 4 mg iv q12 wk pending dental clearance. Obtained baseline CBC, chemistries, LFTs scheduled within 1 week of enzalutamide start. Scheduled repeat bone scintigraphy in 12 weeks. Ordered comprehensive next‑generation sequencing for homologous recombination deficiency genes (BRCA1/2, ATM, PALB2) to evaluate suitability for PARP inhibition. Discussed alternatives (docetaxel, radium‑223) but elected endocrine switch at present.
# 2025‑06‑20: Technetium‑99m MDP bone scan demonstrated new intensely avid metastatic foci in T10 vertebral body and left ischial wing consistent with disease progression versus prior studies.
# 2025‑06‑25: Contrast‑enhanced chest/abdomen/pelvis CT showed persistent known osseous lesions without interval growth and no visceral metastatic involvement.","Controlled hypertension on amlodipine; cardiovascular exam benign, no CHF. Renal function normal (Cr 0.92 mg/dL). Hepatic enzymes within reference ranges. No evidence of untreated central nervous system metastases, active infections (including HIV/hepatitis), autoimmune pneumonitis, or significant cytopenias. Performance status presumed ECOG 0‑1 based on documentation of independence and lack of debilitating symptoms."
-8,2025-06-25,"Age: 76
Sex: Female
Cancer type: High‑grade serous ovarian carcinoma
Histology: High‑grade serous (ovarian) carcinoma
Current extent: Metastatic, progressing (stable hepatic metastases with newly evident subcentimetric peritoneal implants)
Biomarkers: CA‑125 48 U/mL (slight rise versus prior 44 U/mL); no documented actionable somatic/genetic alterations; PARP inhibition employed suggesting probable homologous recombination defect
Treatment history:
# Mid‑2024: Primary cytoreductive debulking surgery (stage IV disease confirmed)
# Late 2024: Adjuvant platinum/taxane doublet – carboplatin + paclitaxel, 6 cycles
# Early 2025: Initiated PARP‑maintainer niraparib; dose subsequently reduced owing to transient Grade 3 thrombocytopenia
# Early 2025: Second‑line therapy with trabectedin (duration undocumented) after radiographic progression on niraparib
# Spring 2025: Commenced rucaparib 600 mg orally twice daily (ongoing); tolerating with manageable Grade 2 anemia/fatigue
# ≈March 2025: Percutaneous radiofrequency ablation of dominant hepatic metastasis (initial diameter 4.2 cm, now post‑treatment scar 3.8 cm)
#≈April 2025: Stereotactic body radiation therapy (SBRT) to solitary para‑aortic lymph node, 30 Gy delivered in 5 fractions","No evidence of commonly excluded comorbidities (uncontrolled brain/metastatic disease, cardiac insufficiency, interstitial pneumonitis, severe hepatic or renal impairment, active viral hepatitis/HIV, or inadequate performance status). ECOG 1, acceptable hematologic parameters, and organ function permit continued oncologic therapies."
-9,2025-06-25,,
